actual,predicted
7,5.722654828584573
8,5.942190992248479
7,5.829967313153262
7,5.558530730375197
7,5.640331051142475
4,6.126817223350893
4,5.660961816654727
4,6.018230356431506
4,6.231934911523461
4,5.422367390818025
4,5.771711828792333
4,5.850598078665515
7,5.780159387269622
7,6.6077699079761185
4,5.722654828584573
7,5.751733152574114
7,5.348491171853217
7,6.109001692350891
7,5.997599590919252
4,6.040135504294456
4,5.850598078665515
7,6.310722325014797
8,5.981880019933527
7,6.261013235513002
