Model,RMSE,R2
Ridge,1.6145441960095068,-0.05441692799154452
Lasso,1.5740082482021156,-0.002135626457287154
Random Forest,1.630993754618382,-0.076011939255618
