actual,predicted
7,5.837186021877057
8,5.805414231478436
7,5.6295215983193385
7,4.931958866049827
7,5.3586606429302135
4,6.271952962059599
4,5.109739909878467
4,5.620123771372062
4,6.37402331384111
4,4.948788244276412
4,5.443851528988747
4,5.66376883894068
7,5.603980404045878
7,7.1304884067612075
4,5.925956833041629
7,5.938577441346113
7,4.71494866650643
7,6.550373769138806
7,5.691502882094662
4,6.226482767520729
4,5.570784142731265
7,6.699824204565137
8,5.6730877983973205
7,6.479628618355009
